"Year","RGDPRef_custom","Custom","Freq","Missing"
2011,"EE1",10636.833,10635.3670083766,-1.46599162339407
2011,"LL1",12807.583,12806.2378033358,-1.34519666423512
2011,"GST",16041.361,16040.045334841,-1.31566515897794
2011,"MN1",14547.444,14546.1342488581,-1.30975114192552
2011,"LL2",11731.395,11730.3018404725,-1.09315952745783
2005,"KK1",7802.845,7801.79840965319,-1.04659034681481
