"Year","RGDPRef_custom","Custom","Freq","Missing"
2005,"DD1",4364,4360.80249094203,-3.19750905797082
2002,"MN2",2324,2321.09016323391,-2.90983676608857
2007,"QQ1",9385,9382.3270793992,-2.67292060079672
2013,"LL2",14613,14610.463809135,-2.53619086501203
2005,"MN1",10417,10414.5283061594,-2.47169384057997
2008,"AA1",8971,8968.57598869603,-2.42401130397047
2012,"LL1",14888,14885.8603833222,-2.13961667784315
2012,"DD1",6600,6597.93811696625,-2.06188303375075
2012,"MN2",4210,4207.96053291815,-2.03946708184685
2001,"AA1",7126,7124,-2
2006,"LL2",11262,11260,-2
2000,"DD1",3251,3249.02869482274,-1.971305177256
2000,"MN1",7596,7594.06706940102,-1.93293059897951
2011,"GH2",3859,3857.15168542088,-1.84831457912424
2011,"MN2",3985,3983.15664066149,-1.8433593385148
2002,"EE1",5487,5485.21307425162,-1.78692574838169
2002,"II1",5613,5611.21796893816,-1.78203106183628
2011,"DD1",6353,6351.2497677231,-1.75023227690326
2003,"OO",5040,5038.26088178725,-1.73911821275306
2002,"LL1",7188,7186.27915251999,-1.72084748001362
2004,"PP1",6046,6044.29278690113,-1.70721309887176
2010,"GH1",8293,8291.29878554182,-1.70121445817858
2013,"D25",18513,18511.3206512016,-1.67934879837776
2007,"EE1",9635,9633.3358298713,-1.66417012870079
2013,"MN1",16587,16585.3913310734,-1.60866892663762
2003,"LL1",7858,7856.40680574049,-1.59319425950616
2009,"GH1",8193,8191.43199198355,-1.56800801645386
2008,"FF1",9644,9642.61927776618,-1.38072223381823
2005,"QQ1",7921,7919.64130434783,-1.35869565217399
2009,"LL2",12649,12647.6670006856,-1.3329993143816
2012,"MN1",15864,15862.8512199811,-1.14878001885154
2013,"RS2",3958,3956.85478699248,-1.14521300751858
2012,"KK1",11011,11009.8967365563,-1.10326344370878
2012,"RS2",3913,3911.96330911973,-1.03669088027164
